Source,Target
tangoch4rlie.bsky.social,trstnmnr.bsky.social
tangoch4rlie.bsky.social,fly.io
tangoch4rlie.bsky.social,qwoopz.bsky.social
tangoch4rlie.bsky.social,mustafasuleymanai.bsky.social
tangoch4rlie.bsky.social,react.dev
tangoch4rlie.bsky.social,vuejs.org
tangoch4rlie.bsky.social,fireship.bsky.social
tangoch4rlie.bsky.social,herisson.dev
tangoch4rlie.bsky.social,science4all.org
tangoch4rlie.bsky.social,scienceetonnante.com
tangoch4rlie.bsky.social,bsky.app
trstnmnr.bsky.social,grandcontinent.bsky.social
trstnmnr.bsky.social,espargiliere.bsky.social
trstnmnr.bsky.social,apreslabiere.bsky.social
trstnmnr.bsky.social,ludwittgenstein.bsky.social
trstnmnr.bsky.social,monomarchos.agency
trstnmnr.bsky.social,thpoirot.bsky.social
trstnmnr.bsky.social,jslefebvre.bsky.social
trstnmnr.bsky.social,armavi.bsky.social
trstnmnr.bsky.social,courdescomptes.bsky.social
trstnmnr.bsky.social,vjdenis.bsky.social
trstnmnr.bsky.social,mxli1.bsky.social
trstnmnr.bsky.social,karinerisselin.bsky.social
trstnmnr.bsky.social,nedjmalisa.bsky.social
trstnmnr.bsky.social,aurelieglg.bsky.social
trstnmnr.bsky.social,reguyon.bsky.social
trstnmnr.bsky.social,delboe.bsky.social
trstnmnr.bsky.social,clairelomme.bsky.social
trstnmnr.bsky.social,emilianazapato.bsky.social
trstnmnr.bsky.social,gwenleguevel.bsky.social
trstnmnr.bsky.social,alexrayzal.bsky.social
trstnmnr.bsky.social,maeliss.bsky.social
trstnmnr.bsky.social,gtouze.bsky.social
trstnmnr.bsky.social,gduboz.bsky.social
trstnmnr.bsky.social,neben2406.bsky.social
trstnmnr.bsky.social,atresgots2.bsky.social
trstnmnr.bsky.social,paris-luttes.bsky.social
trstnmnr.bsky.social,almadufour.bsky.social
trstnmnr.bsky.social,libertalialivre.bsky.social
trstnmnr.bsky.social,outofcontextan.bsky.social
trstnmnr.bsky.social,clementsenechal.bsky.social
trstnmnr.bsky.social,antoine-leaument.bsky.social
trstnmnr.bsky.social,nicolasframont.bsky.social
trstnmnr.bsky.social,tristanwaleckx.bsky.social
trstnmnr.bsky.social,marcelaiphan.bsky.social
trstnmnr.bsky.social,jeanlucmelenchon.bsky.social
trstnmnr.bsky.social,sandrousseau.bsky.social
trstnmnr.bsky.social,xrfrance.bsky.social
trstnmnr.bsky.social,attac.org
trstnmnr.bsky.social,pierreemmanuel.bsky.social
trstnmnr.bsky.social,matthieugl.bsky.social
trstnmnr.bsky.social,epsiloon.bsky.social
trstnmnr.bsky.social,t3lum.bsky.social
trstnmnr.bsky.social,adelaigue.bsky.social
trstnmnr.bsky.social,manota.bsky.social
trstnmnr.bsky.social,anae-revue.bsky.social
trstnmnr.bsky.social,philippe-poutou.bsky.social
trstnmnr.bsky.social,cecilethome.bsky.social
trstnmnr.bsky.social,editions-puf.bsky.social
trstnmnr.bsky.social,editionsduseuil.bsky.social
trstnmnr.bsky.social,sociodutravail.bsky.social
trstnmnr.bsky.social,apmep.fr
trstnmnr.bsky.social,sylvaingrandserre.bsky.social
trstnmnr.bsky.social,panettonepazzo.bsky.social
trstnmnr.bsky.social,associationl214.bsky.social
trstnmnr.bsky.social,mquijoux.bsky.social
trstnmnr.bsky.social,touspouredd.bsky.social
trstnmnr.bsky.social,xvigna.bsky.social
trstnmnr.bsky.social,caneurope.bsky.social
trstnmnr.bsky.social,racfrance.bsky.social
trstnmnr.bsky.social,cecilegintrac.bsky.social
trstnmnr.bsky.social,laeliaveron.bsky.social
trstnmnr.bsky.social,ajspi.bsky.social
trstnmnr.bsky.social,sylvainbourmeau.bsky.social
trstnmnr.bsky.social,bartounet.bsky.social
trstnmnr.bsky.social,mathieu-burgalassi.bsky.social
trstnmnr.bsky.social,splinelnd.bsky.social
trstnmnr.bsky.social,checknews.bsky.social
trstnmnr.bsky.social,osinttechniques.bsky.social
trstnmnr.bsky.social,alexandregefen.bsky.social
trstnmnr.bsky.social,christiansalmon.bsky.social
trstnmnr.bsky.social,collateralrevue.bsky.social
trstnmnr.bsky.social,johanfaerber.bsky.social
trstnmnr.bsky.social,juliendhuy.bsky.social
trstnmnr.bsky.social,afpfr.bsky.social
trstnmnr.bsky.social,snegaroff.bsky.social
trstnmnr.bsky.social,emmarqr.bsky.social
trstnmnr.bsky.social,centrealainsavary.bsky.social
trstnmnr.bsky.social,ellensalvi.bsky.social
trstnmnr.bsky.social,aureliendefer.bsky.social
trstnmnr.bsky.social,anticor.bsky.social
trstnmnr.bsky.social,diradefo.bsky.social
trstnmnr.bsky.social,augustinn.lesjours.fr
trstnmnr.bsky.social,madeinperpignan.bsky.social
trstnmnr.bsky.social,yannguegan.bsky.social
trstnmnr.bsky.social,usul2000.bsky.social
trstnmnr.bsky.social,spiil.bsky.social
trstnmnr.bsky.social,brief.me
trstnmnr.bsky.social,garriberts.lesjours.fr
trstnmnr.bsky.social,sophianf.lesjours.fr
trstnmnr.bsky.social,julienlecaille.bsky.social
trstnmnr.bsky.social,vertlemedia.bsky.social
trstnmnr.bsky.social,socialter.bsky.social
trstnmnr.bsky.social,peuplebreton.bsky.social
trstnmnr.bsky.social,contexte.com
trstnmnr.bsky.social,altermedias.skyfleet.blue
trstnmnr.bsky.social,fracasmedia.bsky.social
trstnmnr.bsky.social,lesansculotte85.bsky.social
trstnmnr.bsky.social,mediaslibres.skyfleet.blue
trstnmnr.bsky.social,altermidi.bsky.social
trstnmnr.bsky.social,alterpresse68.bsky.social
trstnmnr.bsky.social,rue89strasbourg.com
trstnmnr.bsky.social,rapportsdeforce.bsky.social
trstnmnr.bsky.social,cqfdjournal.bsky.social
trstnmnr.bsky.social,lvslmedia.bsky.social
trstnmnr.bsky.social,revueballast.bsky.social
trstnmnr.bsky.social,lundimatin.bsky.social
trstnmnr.bsky.social,regards.bsky.social
trstnmnr.bsky.social,journalfakir.bsky.social
trstnmnr.bsky.social,osonscauser.bsky.social
trstnmnr.bsky.social,lrd.bsky.social
trstnmnr.bsky.social,ladeferlante.bsky.social
trstnmnr.bsky.social,largumentarium.bsky.social
trstnmnr.bsky.social,theguardian.com
trstnmnr.bsky.social,cgt.fr
trstnmnr.bsky.social,ccayol.bsky.social
trstnmnr.bsky.social,yousouidi.bsky.social
trstnmnr.bsky.social,vincent-lemire.bsky.social
trstnmnr.bsky.social,agemoyen.bsky.social
trstnmnr.bsky.social,concourscarto.bsky.social
trstnmnr.bsky.social,quemarino.bsky.social
trstnmnr.bsky.social,pmotte.bsky.social
trstnmnr.bsky.social,humanite.fr
trstnmnr.bsky.social,julienthery.bsky.social
trstnmnr.bsky.social,emmanuelclevenot.bsky.social
trstnmnr.bsky.social,climarx.bsky.social
trstnmnr.bsky.social,fmbreon.bsky.social
trstnmnr.bsky.social,bearstech.com
trstnmnr.bsky.social,monniauxd.bsky.social
trstnmnr.bsky.social,rfi.fr
trstnmnr.bsky.social,arnaudhoedt.bsky.social
trstnmnr.bsky.social,fmoncomble.prendrelangue.fr
trstnmnr.bsky.social,philippemonneret.bsky.social
trstnmnr.bsky.social,mblanchard.bsky.social
trstnmnr.bsky.social,marinetondelier.bsky.social
trstnmnr.bsky.social,jpz-cpc.bsky.social
trstnmnr.bsky.social,gragratraina.bsky.social
trstnmnr.bsky.social,contretemps-revue.bsky.social
trstnmnr.bsky.social,guillaumedaudin.bsky.social
trstnmnr.bsky.social,clara-monnoyeur.bsky.social
trstnmnr.bsky.social,manhack.bsky.social
trstnmnr.bsky.social,investigationrf.bsky.social
trstnmnr.bsky.social,ileap.bsky.social
trstnmnr.bsky.social,cashinvestigation.bsky.social
trstnmnr.bsky.social,splann.bsky.social
trstnmnr.bsky.social,lecanardenchaine.fr
trstnmnr.bsky.social,mediacites.bsky.social
trstnmnr.bsky.social,clara-mb.bsky.social
trstnmnr.bsky.social,marielagache.bsky.social
trstnmnr.bsky.social,mllerquentin.bsky.social
trstnmnr.bsky.social,hugoboursier.bsky.social
trstnmnr.bsky.social,mathieumartiniere.bsky.social
trstnmnr.bsky.social,chgroult.bsky.social
trstnmnr.bsky.social,morankerinec.bsky.social
trstnmnr.bsky.social,tomasstatius.bsky.social
trstnmnr.bsky.social,icij.org
trstnmnr.bsky.social,marsactu.bsky.social
trstnmnr.bsky.social,linarhrissi.bsky.social
trstnmnr.bsky.social,sylvainernault.bsky.social
trstnmnr.bsky.social,emmanfre.bsky.social
trstnmnr.bsky.social,chriscgarnier.bsky.social
trstnmnr.bsky.social,kitetoa.reflets.info
trstnmnr.bsky.social,wld85.bsky.social
trstnmnr.bsky.social,disclosengo.bsky.social
trstnmnr.bsky.social,linforme.com
trstnmnr.bsky.social,eydouxt.bsky.social
trstnmnr.bsky.social,reflets.info
trstnmnr.bsky.social,oliviertesquet.bsky.social
trstnmnr.bsky.social,rembobine.info
trstnmnr.bsky.social,joyeuxsociologue.bsky.social
trstnmnr.bsky.social,mbompard.bsky.social
trstnmnr.bsky.social,sylviazappi.bsky.social
trstnmnr.bsky.social,franceculture.fr
trstnmnr.bsky.social,caissesdegreve.bsky.social
trstnmnr.bsky.social,lyeslouffok.bsky.social
trstnmnr.bsky.social,traduisonsles.bsky.social
trstnmnr.bsky.social,lesdevalideuses.bsky.social
trstnmnr.bsky.social,lesrepliques.bsky.social
trstnmnr.bsky.social,allanbarte.bsky.social
trstnmnr.bsky.social,blast-info.fr
trstnmnr.bsky.social,laure-abramowitch.bsky.social
trstnmnr.bsky.social,xaurey.bsky.social
trstnmnr.bsky.social,loicpeyen.bsky.social
trstnmnr.bsky.social,arnaudgossement.bsky.social
trstnmnr.bsky.social,radiguetr.bsky.social
trstnmnr.bsky.social,amisdelaterre.org
trstnmnr.bsky.social,maximezucca.bsky.social
trstnmnr.bsky.social,fne.asso.fr
trstnmnr.bsky.social,lessoulevements.bsky.social
trstnmnr.bsky.social,elsagambin.bsky.social
trstnmnr.bsky.social,clemenceguette.bsky.social
trstnmnr.bsky.social,uhdp.bsky.social
trstnmnr.bsky.social,hadrienclouet.bsky.social
trstnmnr.bsky.social,pjacquemain.bsky.social
trstnmnr.bsky.social,gallegre.bsky.social
trstnmnr.bsky.social,offinvestigation.bsky.social
trstnmnr.bsky.social,ricardoparreira.com
trstnmnr.bsky.social,chavalarias.bsky.social
trstnmnr.bsky.social,linhlandao.bsky.social
trstnmnr.bsky.social,andreloez.bsky.social
trstnmnr.bsky.social,louiswitter.com
trstnmnr.bsky.social,mathildelarrere.bsky.social
trstnmnr.bsky.social,guillaume.champeau.info
trstnmnr.bsky.social,claraschmelck.bsky.social
trstnmnr.bsky.social,gemenne.bsky.social
trstnmnr.bsky.social,julienpain.bsky.social
trstnmnr.bsky.social,pierrehaski.bsky.social
trstnmnr.bsky.social,corentinsellin.bsky.social
trstnmnr.bsky.social,paulaveline.bsky.social
trstnmnr.bsky.social,nilswilcke.bsky.social
trstnmnr.bsky.social,acrimed.bsky.social
trstnmnr.bsky.social,aoc-media.bsky.social
trstnmnr.bsky.social,barraudeur.bsky.social
trstnmnr.bsky.social,missmee.bsky.social
trstnmnr.bsky.social,guillaumejauseau.bsky.social
trstnmnr.bsky.social,sylvainguilbaud.bsky.social
trstnmnr.bsky.social,djehanne.bsky.social
trstnmnr.bsky.social,anuchka.bsky.social
trstnmnr.bsky.social,malikabutzbach.bsky.social
trstnmnr.bsky.social,politis.fr
trstnmnr.bsky.social,davidfosse.bsky.social
trstnmnr.bsky.social,edwynguerineau.bsky.social
trstnmnr.bsky.social,france.theconversation.com
trstnmnr.bsky.social,petrichoeur.bsky.social
trstnmnr.bsky.social,loic-dht.bsky.social
trstnmnr.bsky.social,noemieeliazord.bsky.social
trstnmnr.bsky.social,scienceclic.bsky.social
trstnmnr.bsky.social,alt236.bsky.social
trstnmnr.bsky.social,tristankamin.bsky.social
trstnmnr.bsky.social,hycarius.bsky.social
trstnmnr.bsky.social,monsieurphi.bsky.social
trstnmnr.bsky.social,lereveilleur.bsky.social
trstnmnr.bsky.social,heu7reka.bsky.social
trstnmnr.bsky.social,asclepios.bsky.social
trstnmnr.bsky.social,terrestres.bsky.social
trstnmnr.bsky.social,tirotg.bsky.social
trstnmnr.bsky.social,framasoft.org
trstnmnr.bsky.social,classetice.bsky.social
trstnmnr.bsky.social,pixelsfr.bsky.social
trstnmnr.bsky.social,gaetangabriele.bsky.social
trstnmnr.bsky.social,simonbarbarit.bsky.social
trstnmnr.bsky.social,qcalmet.bsky.social
trstnmnr.bsky.social,guillaumejacquot.bsky.social
trstnmnr.bsky.social,mathildenutarelli.bsky.social
trstnmnr.bsky.social,thomasbm.bsky.social
trstnmnr.bsky.social,gaspf.bsky.social
trstnmnr.bsky.social,publicsenat.fr
trstnmnr.bsky.social,cedricmas.bsky.social
trstnmnr.bsky.social,pierrealonso.bsky.social
trstnmnr.bsky.social,alexdalsbaek.bsky.social
trstnmnr.bsky.social,tournesol.app
trstnmnr.bsky.social,cassim.montilla.fr
trstnmnr.bsky.social,marsupilamima.bsky.social
trstnmnr.bsky.social,nicolasberrod.bsky.social
trstnmnr.bsky.social,lanrolivier.bsky.social
trstnmnr.bsky.social,leoberry.bsky.social
trstnmnr.bsky.social,francoissaltiel.bsky.social
trstnmnr.bsky.social,vincentgranier.bsky.social
trstnmnr.bsky.social,mart1oeil.eu
trstnmnr.bsky.social,gui77aume.bsky.social
trstnmnr.bsky.social,sderivet.bsky.social
trstnmnr.bsky.social,ebaujard.bsky.social
trstnmnr.bsky.social,pierrefrance.bsky.social
trstnmnr.bsky.social,sychazot.bsky.social
trstnmnr.bsky.social,botperrier.bsky.social
trstnmnr.bsky.social,hugord.bsky.social
trstnmnr.bsky.social,xmalafosse.bsky.social
trstnmnr.bsky.social,ameliebertrand.bsky.social
trstnmnr.bsky.social,chriscollet.bsky.social
trstnmnr.bsky.social,florencesantrot.bsky.social
trstnmnr.bsky.social,audreyvuetaz.bsky.social
trstnmnr.bsky.social,dorcadie.bsky.social
trstnmnr.bsky.social,perco.bsky.social
trstnmnr.bsky.social,cyrillevan.bsky.social
trstnmnr.bsky.social,chloew.bsky.social
trstnmnr.bsky.social,vincentmatalon.bsky.social
trstnmnr.bsky.social,klaradurand.bsky.social
trstnmnr.bsky.social,killylog1.bsky.social
trstnmnr.bsky.social,lulex.bsky.social
trstnmnr.bsky.social,sachanelken.bsky.social
trstnmnr.bsky.social,acb-eu.bsky.social
trstnmnr.bsky.social,maximesirvins.fr
trstnmnr.bsky.social,adrienfranque.bsky.social
trstnmnr.bsky.social,leolefrancois.fr
trstnmnr.bsky.social,anth0.bsky.social
trstnmnr.bsky.social,fredsudouest.bsky.social
trstnmnr.bsky.social,heroceane.bsky.social
trstnmnr.bsky.social,simoncarraud.bsky.social
trstnmnr.bsky.social,lnmorel.bsky.social
trstnmnr.bsky.social,victormottin.bsky.social
trstnmnr.bsky.social,mgoillandeau.bsky.social
trstnmnr.bsky.social,cecileski.bsky.social
trstnmnr.bsky.social,muriel-demguillem.bsky.social
trstnmnr.bsky.social,eparody.bsky.social
trstnmnr.bsky.social,camillerichir.bsky.social
trstnmnr.bsky.social,arialavrilleux.bsky.social
trstnmnr.bsky.social,brenoul.bsky.social
trstnmnr.bsky.social,simonriaux.bsky.social
trstnmnr.bsky.social,antonintabard.bsky.social
trstnmnr.bsky.social,wnstnsmith.bsky.social
trstnmnr.bsky.social,diogojira.bsky.social
trstnmnr.bsky.social,jeremychevreuil.bsky.social
trstnmnr.bsky.social,noddus.fr
trstnmnr.bsky.social,kevinestrade.bsky.social
trstnmnr.bsky.social,krstv.bsky.social
trstnmnr.bsky.social,daftkurt.bsky.social
trstnmnr.bsky.social,francoisleger.bsky.social
trstnmnr.bsky.social,mjlef.bsky.social
trstnmnr.bsky.social,franpisunship.bsky.social
trstnmnr.bsky.social,matthieujouan.bsky.social
trstnmnr.bsky.social,evrard-ouicem.bsky.social
trstnmnr.bsky.social,beemondroha.bsky.social
trstnmnr.bsky.social,mamarchal.bsky.social
trstnmnr.bsky.social,levraithomas.bsky.social
trstnmnr.bsky.social,samuellaurent.bsky.social
trstnmnr.bsky.social,laffargue.bsky.social
trstnmnr.bsky.social,flrnd.bsky.social
trstnmnr.bsky.social,kocobe.fr
trstnmnr.bsky.social,lamotet.bsky.social
trstnmnr.bsky.social,nabilwakim.bsky.social
trstnmnr.bsky.social,bekouz.bsky.social
trstnmnr.bsky.social,leabello.bsky.social
trstnmnr.bsky.social,amaad.bsky.social
trstnmnr.bsky.social,mardup.bsky.social
trstnmnr.bsky.social,thomassteffen.bsky.social
trstnmnr.bsky.social,raphaelleaubert.bsky.social
trstnmnr.bsky.social,oclairouin.bsky.social
trstnmnr.bsky.social,untersin.gr
trstnmnr.bsky.social,morganetual.bsky.social
trstnmnr.bsky.social,alexpouchard.bsky.social
trstnmnr.bsky.social,ragarval.bsky.social
trstnmnr.bsky.social,leagirardot.bsky.social
trstnmnr.bsky.social,verochoc.bsky.social
trstnmnr.bsky.social,pibzedog.bsky.social
trstnmnr.bsky.social,angelinemontoya.bsky.social
trstnmnr.bsky.social,pierre3d.bsky.social
trstnmnr.bsky.social,abdelhak.bsky.social
trstnmnr.bsky.social,jeuneguillou.bsky.social
trstnmnr.bsky.social,amestre.bsky.social
trstnmnr.bsky.social,patxiberhouet.bsky.social
trstnmnr.bsky.social,faustinevincent.bsky.social
trstnmnr.bsky.social,vincentnouvet.bsky.social
trstnmnr.bsky.social,jgsanti.bsky.social
trstnmnr.bsky.social,gabrielcoutagne.bsky.social
trstnmnr.bsky.social,clnflt.bsky.social
trstnmnr.bsky.social,raphaelleleyris.bsky.social
trstnmnr.bsky.social,gregorbrandy.bsky.social
trstnmnr.bsky.social,okami.bsky.social
trstnmnr.bsky.social,julienmuguet.bsky.social
trstnmnr.bsky.social,borisbastide.bsky.social
trstnmnr.bsky.social,adriensnk.bsky.social
trstnmnr.bsky.social,guillaumemeurice.bsky.social
trstnmnr.bsky.social,artefr.bsky.social
trstnmnr.bsky.social,keraunos.org
trstnmnr.bsky.social,infoclimat.fr
trstnmnr.bsky.social,skyphilippe69.bsky.social
trstnmnr.bsky.social,carbonbrief.org
trstnmnr.bsky.social,copernicusecmwf.bsky.social
trstnmnr.bsky.social,extremetemps.bsky.social
trstnmnr.bsky.social,ecmwf.bsky.social
trstnmnr.bsky.social,zoom.earth
trstnmnr.bsky.social,edhawkins.org
trstnmnr.bsky.social,mparrington.bsky.social
trstnmnr.bsky.social,simonleewx.com
trstnmnr.bsky.social,mikarantane.bsky.social
trstnmnr.bsky.social,ipcc.bsky.social
trstnmnr.bsky.social,ametsoc.bsky.social
trstnmnr.bsky.social,drxeo.eu
trstnmnr.bsky.social,bjerknes.bsky.social
trstnmnr.bsky.social,wwattribution.bsky.social
trstnmnr.bsky.social,mpidr.bsky.social
trstnmnr.bsky.social,aliciambentley.bsky.social
trstnmnr.bsky.social,wxnb.bsky.social
trstnmnr.bsky.social,subfossilguy.bsky.social
trstnmnr.bsky.social,eumetsat.bsky.social
trstnmnr.bsky.social,sebastienbrana.bsky.social
trstnmnr.bsky.social,quentinrey.com
trstnmnr.bsky.social,visov1.bsky.social
trstnmnr.bsky.social,meteociel.fr
trstnmnr.bsky.social,vincentguidard.bsky.social
trstnmnr.bsky.social,meteolabfr.bsky.social
trstnmnr.bsky.social,tlefort-meteo.bsky.social
trstnmnr.bsky.social,climatologist49.bsky.social
trstnmnr.bsky.social,zacklabe.com
trstnmnr.bsky.social,jonathankonitz.bsky.social
trstnmnr.bsky.social,nathanlautier.bsky.social
trstnmnr.bsky.social,nora.bz
trstnmnr.bsky.social,loiiseb.bsky.social
trstnmnr.bsky.social,cgdvinet.bsky.social
trstnmnr.bsky.social,lucieinland.bsky.social
trstnmnr.bsky.social,jmproust.bsky.social
trstnmnr.bsky.social,stephanekenech.com
trstnmnr.bsky.social,aiquel.bsky.social
trstnmnr.bsky.social,colinecm.bsky.social
trstnmnr.bsky.social,agnesmorel.bsky.social
trstnmnr.bsky.social,hugoruher.bsky.social
trstnmnr.bsky.social,anahlcq.bsky.social
trstnmnr.bsky.social,lucietournebize.bsky.social
trstnmnr.bsky.social,blandinegrt.bsky.social
trstnmnr.bsky.social,martiblancho.eu
trstnmnr.bsky.social,clembezard.bsky.social
trstnmnr.bsky.social,lauredasinieres.bsky.social
trstnmnr.bsky.social,pjanuel.bsky.social
trstnmnr.bsky.social,sylviefagnart.bsky.social
trstnmnr.bsky.social,desmonts.net
trstnmnr.bsky.social,jizelhalloumi.bsky.social
trstnmnr.bsky.social,adriengiraud.bsky.social
trstnmnr.bsky.social,mathildesaliou.com
trstnmnr.bsky.social,antoinetricot.bsky.social
trstnmnr.bsky.social,geraldinelanglois.bsky.social
trstnmnr.bsky.social,benjaminbnt.fr
trstnmnr.bsky.social,mmeagnes.bsky.social
trstnmnr.bsky.social,esther-buitekant.bsky.social
trstnmnr.bsky.social,jeremieyounes.bsky.social
trstnmnr.bsky.social,claradelpas.bsky.social
trstnmnr.bsky.social,pascalew.bsky.social
trstnmnr.bsky.social,christelledest.bsky.social
trstnmnr.bsky.social,cproust.bsky.social
trstnmnr.bsky.social,cecilemichaut.bsky.social
trstnmnr.bsky.social,etienneb.bsky.social
trstnmnr.bsky.social,mmdejantee.bsky.social
trstnmnr.bsky.social,jmucchielli.bsky.social
trstnmnr.bsky.social,quentinaries.bsky.social
trstnmnr.bsky.social,elisegaz.bsky.social
trstnmnr.bsky.social,arianekujawski.bsky.social
trstnmnr.bsky.social,annefleurandrle.bsky.social
trstnmnr.bsky.social,lmakary.bsky.social
trstnmnr.bsky.social,phavez.bsky.social
trstnmnr.bsky.social,chloe-richard.bsky.social
trstnmnr.bsky.social,perrinebontemps.bsky.social
trstnmnr.bsky.social,alexisgacon.bsky.social
trstnmnr.bsky.social,nicobeu.bsky.social
trstnmnr.bsky.social,yohanbonnet.bsky.social
trstnmnr.bsky.social,natlef.bsky.social
trstnmnr.bsky.social,katiavilarasau.bsky.social
trstnmnr.bsky.social,padrepio.bsky.social
trstnmnr.bsky.social,berfintopal.bsky.social
trstnmnr.bsky.social,oliviervarlan.bsky.social
trstnmnr.bsky.social,nainportekoi.bsky.social
trstnmnr.bsky.social,ouest-france.fr
trstnmnr.bsky.social,karen-prevost.bsky.social
trstnmnr.bsky.social,sergebarbet.bsky.social
trstnmnr.bsky.social,virginiesassoon.bsky.social
trstnmnr.bsky.social,wikiredia.bsky.social
trstnmnr.bsky.social,lvighier.bsky.social
trstnmnr.bsky.social,sebastienrochat.bsky.social
trstnmnr.bsky.social,profcdj.bsky.social
trstnmnr.bsky.social,mbroustail.bsky.social
trstnmnr.bsky.social,leclemi.bsky.social
trstnmnr.bsky.social,paulinelegall05.bsky.social
trstnmnr.bsky.social,ernaux.bsky.social
trstnmnr.bsky.social,sophiebocquet.bsky.social
trstnmnr.bsky.social,clairementdoc.bsky.social
trstnmnr.bsky.social,emiclemidijon.bsky.social
trstnmnr.bsky.social,savoirdevenir.bsky.social
trstnmnr.bsky.social,roselyneberthon.bsky.social
trstnmnr.bsky.social,florenceollivier.bsky.social
trstnmnr.bsky.social,fontste.bsky.social
trstnmnr.bsky.social,sdardalhon.bsky.social
trstnmnr.bsky.social,emiclermont.bsky.social
trstnmnr.bsky.social,iabidoc.bsky.social
trstnmnr.bsky.social,sevvercelli.bsky.social
trstnmnr.bsky.social,caitlinkearney.bsky.social
trstnmnr.bsky.social,t-h-a-d.bsky.social
trstnmnr.bsky.social,renzullil.bsky.social
trstnmnr.bsky.social,annarhaskins.bsky.social
trstnmnr.bsky.social,jessicacalarco.bsky.social
trstnmnr.bsky.social,kmatheny.bsky.social
trstnmnr.bsky.social,bespeakmonique.bsky.social
trstnmnr.bsky.social,annejonas.bsky.social
trstnmnr.bsky.social,bfoxwilliams.bsky.social
trstnmnr.bsky.social,marissathompson.bsky.social
trstnmnr.bsky.social,cassidycody.bsky.social
trstnmnr.bsky.social,ehandsman.bsky.social
trstnmnr.bsky.social,elenaah.bsky.social
trstnmnr.bsky.social,markusklein.bsky.social
trstnmnr.bsky.social,iskeeted.bsky.social
trstnmnr.bsky.social,wxliz.bsky.social
trstnmnr.bsky.social,wxkylegillett.bsky.social
trstnmnr.bsky.social,ethangclark02.bsky.social
trstnmnr.bsky.social,weatherkatie.bsky.social
trstnmnr.bsky.social,metoffice.bsky.social
trstnmnr.bsky.social,stormchasernick.bsky.social
trstnmnr.bsky.social,tornadosteejo.bsky.social
trstnmnr.bsky.social,stormchasertang.bsky.social
trstnmnr.bsky.social,rystorm.com
trstnmnr.bsky.social,costormchasers.bsky.social
trstnmnr.bsky.social,jeremyohwx.bsky.social
trstnmnr.bsky.social,livestormchasers.bsky.social
trstnmnr.bsky.social,texasstormchasers.com
trstnmnr.bsky.social,omahastormchasers.bsky.social
trstnmnr.bsky.social,bigdawgwx.com
trstnmnr.bsky.social,jpmidwest.bsky.social
trstnmnr.bsky.social,stormchaserjay.bsky.social
trstnmnr.bsky.social,kj-chasing.bsky.social
trstnmnr.bsky.social,avenbangewx.bsky.social
trstnmnr.bsky.social,jordanhallwx.bsky.social
trstnmnr.bsky.social,ustornadoes.bsky.social
trstnmnr.bsky.social,tornadotiff.bsky.social
trstnmnr.bsky.social,healeyphoto.bsky.social
trstnmnr.bsky.social,tornadotalk.bsky.social
trstnmnr.bsky.social,mguerente.bsky.social
trstnmnr.bsky.social,isafilprofash.bsky.social
trstnmnr.bsky.social,jcolomer.bsky.social
trstnmnr.bsky.social,gcarondk.bsky.social
trstnmnr.bsky.social,oponson.bsky.social
trstnmnr.bsky.social,cafepedagogique.bsky.social
trstnmnr.bsky.social,myrtillegardet.bsky.social
trstnmnr.bsky.social,cahierspedago.bsky.social
trstnmnr.bsky.social,philippemeirieu.bsky.social
trstnmnr.bsky.social,dsestier.bsky.social
trstnmnr.bsky.social,leprofdhistoire.bsky.social
trstnmnr.bsky.social,ostianemathon.bsky.social
trstnmnr.bsky.social,lauremayer.bsky.social
trstnmnr.bsky.social,salomesaque.bsky.social
trstnmnr.bsky.social,romainvincent.bsky.social
trstnmnr.bsky.social,gaelfortin.bsky.social
trstnmnr.bsky.social,laelith.fr
trstnmnr.bsky.social,thomasappere.bsky.social
trstnmnr.bsky.social,robinisnard.bsky.social
trstnmnr.bsky.social,rocketmanquebec.bsky.social
trstnmnr.bsky.social,clazemars.bsky.social
trstnmnr.bsky.social,astropierre.com
trstnmnr.bsky.social,nicolasallard.bsky.social
trstnmnr.bsky.social,iflscience.com
trstnmnr.bsky.social,sylvestrehuet.bsky.social
trstnmnr.bsky.social,lsce-ipsl.bsky.social
trstnmnr.bsky.social,fabriceardhuin.bsky.social
trstnmnr.bsky.social,huguesrenault.bsky.social
trstnmnr.bsky.social,galacticamille.bsky.social
trstnmnr.bsky.social,o.simardcasanova.net
trstnmnr.bsky.social,valentin.stup.media
trstnmnr.bsky.social,arnaud.stup.media
trstnmnr.bsky.social,chercheurjuteux.com
trstnmnr.bsky.social,marcgozlan.bsky.social
trstnmnr.bsky.social,qadplantes.bsky.social
trstnmnr.bsky.social,garciavictor.bsky.social
trstnmnr.bsky.social,lepourpre.bsky.social
trstnmnr.bsky.social,cnrs-in2p3.bsky.social
trstnmnr.bsky.social,renaudcreus.bsky.social
trstnmnr.bsky.social,faizazer.bsky.social
trstnmnr.bsky.social,youmnikezzouf.bsky.social
trstnmnr.bsky.social,turcanmarie.bsky.social
trstnmnr.bsky.social,vincentmorel.bsky.social
trstnmnr.bsky.social,justinebrabant.bsky.social
trstnmnr.bsky.social,mickacorreia.bsky.social
trstnmnr.bsky.social,camillepolloni.bsky.social
trstnmnr.bsky.social,dan-mdpt.bsky.social
trstnmnr.bsky.social,cechautefeuille.bsky.social
trstnmnr.bsky.social,romaricgodin.bsky.social
trstnmnr.bsky.social,davidperrotin.bsky.social
trstnmnr.bsky.social,fabienescalona.bsky.social
trstnmnr.bsky.social,laske.bsky.social
trstnmnr.bsky.social,prisciananas.bsky.social
trstnmnr.bsky.social,simontoupet.bsky.social
trstnmnr.bsky.social,jeremybarthe.bsky.social
trstnmnr.bsky.social,jeromehourdeaux.bsky.social
trstnmnr.bsky.social,anglesyannis.bsky.social
trstnmnr.bsky.social,gbprod.bsky.social
trstnmnr.bsky.social,tariksafraoui.bsky.social
trstnmnr.bsky.social,ahcenewenger.bsky.social
trstnmnr.bsky.social,dodonatien.bsky.social
trstnmnr.bsky.social,liviagarrigue.bsky.social
trstnmnr.bsky.social,lisacastelly.bsky.social
trstnmnr.bsky.social,openpony.fr
trstnmnr.bsky.social,marineturchi.bsky.social
trstnmnr.bsky.social,rozennlesaint.bsky.social
trstnmnr.bsky.social,marie2monaco.bsky.social
trstnmnr.bsky.social,ilyesramdani.bsky.social
trstnmnr.bsky.social,laurentmauduit.bsky.social
trstnmnr.bsky.social,ostpolitik.bsky.social
trstnmnr.bsky.social,louisetourret.bsky.social
trstnmnr.bsky.social,sciencecqfd.bsky.social
trstnmnr.bsky.social,ericlagadec.bsky.social
trstnmnr.bsky.social,severhel.bsky.social
trstnmnr.bsky.social,pomarede.bsky.social
trstnmnr.bsky.social,julien-bobroff.bsky.social
trstnmnr.bsky.social,fabricechemla.bsky.social
trstnmnr.bsky.social,hervedole.bsky.social
trstnmnr.bsky.social,docteur-drey.bsky.social
trstnmnr.bsky.social,arnaudsaint-martin.bsky.social
trstnmnr.bsky.social,ireneer.bsky.social
trstnmnr.bsky.social,alexandradelbot.bsky.social
trstnmnr.bsky.social,tanialouis.fr
trstnmnr.bsky.social,laboiteacuriosites.bsky.social
trstnmnr.bsky.social,scienceetonnante.com
trstnmnr.bsky.social,ssaft.com
trstnmnr.bsky.social,scilabus.bsky.social
trstnmnr.bsky.social,eloscicomm.bsky.social
trstnmnr.bsky.social,sciencecomptoir.bsky.social
trstnmnr.bsky.social,sebastiencarassou.bsky.social
trstnmnr.bsky.social,science4all.org
trstnmnr.bsky.social,mickaellaunay.bsky.social
trstnmnr.bsky.social,cnrs.bsky.social
trstnmnr.bsky.social,inrap.fr
trstnmnr.bsky.social,newscientist.bsky.social
trstnmnr.bsky.social,cafe-sciences.org
trstnmnr.bsky.social,fouloscopie.bsky.social
trstnmnr.bsky.social,pogscience.bsky.social
trstnmnr.bsky.social,leniddepie.bsky.social
trstnmnr.bsky.social,pasteur.fr
trstnmnr.bsky.social,podcastscience.fm
trstnmnr.bsky.social,docprimum.bsky.social
trstnmnr.bsky.social,revesdespace.bsky.social
trstnmnr.bsky.social,astrovicnet.bsky.social
trstnmnr.bsky.social,corentinduval.bsky.social
trstnmnr.bsky.social,pierregirard.bsky.social
trstnmnr.bsky.social,frestagn.bsky.social
trstnmnr.bsky.social,sacquin-mo.bsky.social
trstnmnr.bsky.social,oamgui.bsky.social
trstnmnr.bsky.social,myrmecofourmisfr.bsky.social
trstnmnr.bsky.social,alice.paysdesetoiles.fr
trstnmnr.bsky.social,hcottin.bsky.social
trstnmnr.bsky.social,franckramus.bsky.social
trstnmnr.bsky.social,startracker.bsky.social
trstnmnr.bsky.social,espritsorcier.bsky.social
trstnmnr.bsky.social,brusicor02.bsky.social
trstnmnr.bsky.social,a-beauchamp-fc.bsky.social
trstnmnr.bsky.social,natachatriou.bsky.social
trstnmnr.bsky.social,nnaguet.bsky.social
trstnmnr.bsky.social,alexandremorales.bsky.social
trstnmnr.bsky.social,brunosensini.bsky.social
trstnmnr.bsky.social,ebbh.fr
trstnmnr.bsky.social,terraartistica.bsky.social
trstnmnr.bsky.social,trazou.bsky.social
trstnmnr.bsky.social,spaceexplorerw.bsky.social
trstnmnr.bsky.social,marcgral.bsky.social
trstnmnr.bsky.social,luciecastets.bsky.social
trstnmnr.bsky.social,arnaudaubron.bsky.social
trstnmnr.bsky.social,rachidlinstit.bsky.social
trstnmnr.bsky.social,ericscherer.bsky.social
trstnmnr.bsky.social,ncadene.bsky.social
trstnmnr.bsky.social,simnasr.bsky.social
trstnmnr.bsky.social,nhervieu.bsky.social
trstnmnr.bsky.social,mmace.bsky.social
trstnmnr.bsky.social,oliviermannoni.bsky.social
trstnmnr.bsky.social,checkmyads.org
trstnmnr.bsky.social,streetpress.bsky.social
trstnmnr.bsky.social,reesmarc.bsky.social
trstnmnr.bsky.social,paugog.bsky.social
trstnmnr.bsky.social,lesjours.fr
trstnmnr.bsky.social,arretsurimages.net
trstnmnr.bsky.social,nicolasquenel.bsky.social
trstnmnr.bsky.social,projetarcadie.com
trstnmnr.bsky.social,pierreplottu.bsky.social
trstnmnr.bsky.social,nicolashenin.net
trstnmnr.bsky.social,atrupar.com
trstnmnr.bsky.social,bellingcat.com
trstnmnr.bsky.social,lemonde.fr
trstnmnr.bsky.social,safety.bsky.app
trstnmnr.bsky.social,corentin.bsky.social
trstnmnr.bsky.social,notabenemovies.bsky.social
trstnmnr.bsky.social,mediapart.fr
trstnmnr.bsky.social,liberation.fr
trstnmnr.bsky.social,slpng-giants-fr.bsky.social
trstnmnr.bsky.social,lisaschipper.bsky.social
trstnmnr.bsky.social,annieleymarie.bsky.social
trstnmnr.bsky.social,nmouquet.bsky.social
trstnmnr.bsky.social,perrincam.bsky.social
trstnmnr.bsky.social,pfriedling.bsky.social
trstnmnr.bsky.social,gaetanheymes.bsky.social
trstnmnr.bsky.social,emelaniedupuis.bsky.social
trstnmnr.bsky.social,ipsl.bsky.social
trstnmnr.bsky.social,philippequirion.bsky.social
trstnmnr.bsky.social,deryng.bsky.social
trstnmnr.bsky.social,maximecombes.bsky.social
trstnmnr.bsky.social,goneri76.bsky.social
trstnmnr.bsky.social,melinaguene.bsky.social
trstnmnr.bsky.social,hagolleo.bsky.social
trstnmnr.bsky.social,scicirc.bsky.social
trstnmnr.bsky.social,santolini.bsky.social
trstnmnr.bsky.social,ericmartin38.bsky.social
trstnmnr.bsky.social,nadacaud.bsky.social
trstnmnr.bsky.social,soniaseneviratne.bsky.social
trstnmnr.bsky.social,lalifou.bsky.social
trstnmnr.bsky.social,jpgattuso.bsky.social
trstnmnr.bsky.social,florencehabets.bsky.social
trstnmnr.bsky.social,ninadavtian.bsky.social
trstnmnr.bsky.social,oaggimenez.bsky.social
trstnmnr.bsky.social,meauxjuliette.bsky.social
trstnmnr.bsky.social,florentbrient.bsky.social
trstnmnr.bsky.social,vallejolola.bsky.social
trstnmnr.bsky.social,nicolas-p-gross.bsky.social
trstnmnr.bsky.social,audreygarric.bsky.social
trstnmnr.bsky.social,smlmrn.bsky.social
trstnmnr.bsky.social,sergezaka.bsky.social
trstnmnr.bsky.social,bonpote.com
trstnmnr.bsky.social,reporterre.bsky.social
trstnmnr.bsky.social,rolandseferian.bsky.social
trstnmnr.bsky.social,audreycerdan.bsky.social
trstnmnr.bsky.social,thomasbaietto.bsky.social
trstnmnr.bsky.social,yamsaheb.bsky.social
trstnmnr.bsky.social,sfoucart.bsky.social
trstnmnr.bsky.social,soann.bsky.social
trstnmnr.bsky.social,matthieusorel.bsky.social
trstnmnr.bsky.social,annebringault.bsky.social
trstnmnr.bsky.social,iddri.bsky.social
trstnmnr.bsky.social,tdegaridel.bsky.social
trstnmnr.bsky.social,danipeyronel.bsky.social
trstnmnr.bsky.social,pgisyeb.bsky.social
trstnmnr.bsky.social,dorianguinard.bsky.social
trstnmnr.bsky.social,leatardieu.bsky.social
trstnmnr.bsky.social,luciezinger.bsky.social
trstnmnr.bsky.social,tguinaldo.bsky.social
trstnmnr.bsky.social,floriannechekuv.bsky.social
trstnmnr.bsky.social,geoffreymesbahi.bsky.social
trstnmnr.bsky.social,crdlz.bsky.social
trstnmnr.bsky.social,francoisjobard.bsky.social
trstnmnr.bsky.social,pierregentine.bsky.social
trstnmnr.bsky.social,jpvanypersele.bsky.social
trstnmnr.bsky.social,gkrinner.bsky.social
trstnmnr.bsky.social,pascalineminet.bsky.social
trstnmnr.bsky.social,bdumontae.bsky.social
trstnmnr.bsky.social,clementpiel.bsky.social
trstnmnr.bsky.social,fxjoly.bsky.social
trstnmnr.bsky.social,loicpellissier.bsky.social
trstnmnr.bsky.social,franckcourchamp.bsky.social
trstnmnr.bsky.social,joeyallen.bsky.social
trstnmnr.bsky.social,stella-bourdin.bsky.social
trstnmnr.bsky.social,emilienravigne.bsky.social
trstnmnr.bsky.social,joguillemot.bsky.social
trstnmnr.bsky.social,jacquescaplat.bsky.social
trstnmnr.bsky.social,ecosystema.bsky.social
trstnmnr.bsky.social,lbmeteo.bsky.social
trstnmnr.bsky.social,cleliasirami.bsky.social
trstnmnr.bsky.social,jeremjacob.bsky.social
trstnmnr.bsky.social,abertheuniv.bsky.social
trstnmnr.bsky.social,blankabalogh.bsky.social
trstnmnr.bsky.social,carbonick.bsky.social
trstnmnr.bsky.social,mehdiarfaoui.bsky.social
trstnmnr.bsky.social,snesfsu.bsky.social
trstnmnr.bsky.social,bernardhenribery.bsky.social
trstnmnr.bsky.social,clairesecail.bsky.social
trstnmnr.bsky.social,emmanuelrmartin.bsky.social
trstnmnr.bsky.social,oliviervh.bsky.social
trstnmnr.bsky.social,margueritecd.bsky.social
trstnmnr.bsky.social,j-mprofhg.bsky.social
trstnmnr.bsky.social,pecqueuxanthony.bsky.social
trstnmnr.bsky.social,syndicalistes.org
trstnmnr.bsky.social,sibylleglk.bsky.social
trstnmnr.bsky.social,mariehplard.bsky.social
trstnmnr.bsky.social,davidbobin.bsky.social
trstnmnr.bsky.social,gwenolasueur.bsky.social
trstnmnr.bsky.social,mathieubil.bsky.social
trstnmnr.bsky.social,elsamaudet.bsky.social
trstnmnr.bsky.social,avenirdespixels.bsky.social
trstnmnr.bsky.social,auposte.fr
trstnmnr.bsky.social,davduf.net
trstnmnr.bsky.social,maialune7.bsky.social
trstnmnr.bsky.social,ppicard.bsky.social
trstnmnr.bsky.social,ldec.bsky.social
trstnmnr.bsky.social,luciegillet.bsky.social
trstnmnr.bsky.social,alienorbertrand.bsky.social
trstnmnr.bsky.social,fidelnavamuel.bsky.social
trstnmnr.bsky.social,alboissinot.bsky.social
trstnmnr.bsky.social,nicolaspicard.bsky.social
trstnmnr.bsky.social,knhede.bsky.social
trstnmnr.bsky.social,quitteriedv.bsky.social
trstnmnr.bsky.social,margoual.bsky.social
trstnmnr.bsky.social,aureliegascon.bsky.social
trstnmnr.bsky.social,laurentfillion.bsky.social
trstnmnr.bsky.social,svenetitay.bsky.social
trstnmnr.bsky.social,cecileblanchard.bsky.social
trstnmnr.bsky.social,snes-fsu-internat.bsky.social
trstnmnr.bsky.social,chesnel.bsky.social
trstnmnr.bsky.social,jhoudoin.bsky.social
trstnmnr.bsky.social,tristanlescot.bsky.social
trstnmnr.bsky.social,dimitrisydor.bsky.social
trstnmnr.bsky.social,quentingirard.bsky.social
trstnmnr.bsky.social,jdiscajdisrien.bsky.social
trstnmnr.bsky.social,brunorobbes.bsky.social
trstnmnr.bsky.social,fcahen.bsky.social
trstnmnr.bsky.social,valachs.bsky.social
trstnmnr.bsky.social,virginiehouadec.bsky.social
trstnmnr.bsky.social,michels1957.bsky.social
trstnmnr.bsky.social,2vanssay.bsky.social
trstnmnr.bsky.social,reynaudlaurent.bsky.social
trstnmnr.bsky.social,edwigechirouter.bsky.social
trstnmnr.bsky.social,hackingsocial.bsky.social
trstnmnr.bsky.social,hichem.bsky.social
trstnmnr.bsky.social,yoangwilman.bsky.social
trstnmnr.bsky.social,claireplacial.bsky.social
trstnmnr.bsky.social,ferrydanini.bsky.social
trstnmnr.bsky.social,michaelzemmour.cpesr.fr
trstnmnr.bsky.social,fabricearfi.bsky.social
trstnmnr.bsky.social,edwyplenel.bsky.social
trstnmnr.bsky.social,gdeleur.bsky.social
trstnmnr.bsky.social,pajuven.bsky.social
trstnmnr.bsky.social,tract-linguistes.org
trstnmnr.bsky.social,lettresteheran.bsky.social
trstnmnr.bsky.social,picharbonnier.bsky.social
trstnmnr.bsky.social,defakator.bsky.social
trstnmnr.bsky.social,psyen.bsky.social
trstnmnr.bsky.social,aphg.bsky.social
trstnmnr.bsky.social,jalazard.bsky.social
trstnmnr.bsky.social,philippewatrelot.bsky.social
trstnmnr.bsky.social,charivari.bsky.social
trstnmnr.bsky.social,clauselmarianne.bsky.social
trstnmnr.bsky.social,gregoiresimpson.bsky.social
trstnmnr.bsky.social,willvs.bsky.social
trstnmnr.bsky.social,clemence-perronnet.bsky.social
trstnmnr.bsky.social,minimaliste13.cpesr.fr
trstnmnr.bsky.social,linguisticae.com
trstnmnr.bsky.social,flefgraph.bsky.social
trstnmnr.bsky.social,cnqt.bsky.social
trstnmnr.bsky.social,tranxen.bsky.social
trstnmnr.bsky.social,nassiraelmoaddem.bsky.social
trstnmnr.bsky.social,mcharpe.bsky.social
trstnmnr.bsky.social,boanry.bsky.social
trstnmnr.bsky.social,balleverte.bsky.social
trstnmnr.bsky.social,tnzn.bsky.social
trstnmnr.bsky.social,laviedesidees.bsky.social
trstnmnr.bsky.social,renaudepstein.bsky.social
trstnmnr.bsky.social,juliengossa.cpesr.fr
trstnmnr.bsky.social,pierrebat.cpesr.fr
trstnmnr.bsky.social,etiennefarget.bsky.social
trstnmnr.bsky.social,annechanal.bsky.social
trstnmnr.bsky.social,florencedellerie.bsky.social
trstnmnr.bsky.social,cassouman40.bsky.social
trstnmnr.bsky.social,laydgeur.bsky.social
trstnmnr.bsky.social,philoxime.bsky.social
trstnmnr.bsky.social,colinlebedev.cpesr.fr
trstnmnr.bsky.social,naomioreskes.bsky.social
trstnmnr.bsky.social,valmasdel.bsky.social
trstnmnr.bsky.social,jksteinberger.bsky.social
trstnmnr.bsky.social,malauss.bsky.social
trstnmnr.bsky.social,kalou-bs.bsky.social
trstnmnr.bsky.social,maikie.bsky.social
trstnmnr.bsky.social,donbtrl.bsky.social
trstnmnr.bsky.social,lorisguemart.bsky.social
trstnmnr.bsky.social,talietal.bsky.social
trstnmnr.bsky.social,filmiel.bsky.social
trstnmnr.bsky.social,rlacassin.bsky.social
trstnmnr.bsky.social,tomdoss.bsky.social
trstnmnr.bsky.social,ivanpiettre.bsky.social
trstnmnr.bsky.social,davidcormand.bsky.social
trstnmnr.bsky.social,embodinier.bsky.social
trstnmnr.bsky.social,jmigozzi.bsky.social
trstnmnr.bsky.social,renardalpin.fr
trstnmnr.bsky.social,glitchouille.bsky.social
trstnmnr.bsky.social,djoanarcho.bsky.social
trstnmnr.bsky.social,mariellepm.bsky.social
trstnmnr.bsky.social,phaeli0.bsky.social
trstnmnr.bsky.social,drcgl119.bsky.social
trstnmnr.bsky.social,yvanquib.bsky.social
trstnmnr.bsky.social,jrroy.bsky.social
trstnmnr.bsky.social,dianedrouin.bsky.social
trstnmnr.bsky.social,caroinville.bsky.social
trstnmnr.bsky.social,z3rdacc.bsky.social
trstnmnr.bsky.social,drgrr.bsky.social
trstnmnr.bsky.social,inflexions.bsky.social
trstnmnr.bsky.social,pollhup.bsky.social
trstnmnr.bsky.social,berangere.bsky.social
trstnmnr.bsky.social,reradotage.bsky.social
trstnmnr.bsky.social,kantinus.bsky.social
trstnmnr.bsky.social,arnaudbstop.bsky.social
trstnmnr.bsky.social,vinteuil.bsky.social
trstnmnr.bsky.social,onoxyne.bsky.social
trstnmnr.bsky.social,greenwalker92.bsky.social
trstnmnr.bsky.social,jddelleluche.bsky.social
trstnmnr.bsky.social,malineonline.bsky.social
trstnmnr.bsky.social,wolfgangcramer.net
trstnmnr.bsky.social,chcreseveur.bsky.social
trstnmnr.bsky.social,mawzideilan.bsky.social
trstnmnr.bsky.social,wunkii.bsky.social
trstnmnr.bsky.social,mdeles.bsky.social
trstnmnr.bsky.social,ktenvironment.bsky.social
trstnmnr.bsky.social,cocale.bsky.social
trstnmnr.bsky.social,ecoleoubliee.bsky.social
trstnmnr.bsky.social,antimythe.bsky.social
trstnmnr.bsky.social,overjam.bsky.social
trstnmnr.bsky.social,klerh.bsky.social
trstnmnr.bsky.social,sdyevre.bsky.social
trstnmnr.bsky.social,qoach.bsky.social
trstnmnr.bsky.social,vlcampbell.bsky.social
trstnmnr.bsky.social,inrandoveritas.bsky.social
trstnmnr.bsky.social,albanb.bsky.social
trstnmnr.bsky.social,moakira.bsky.social
trstnmnr.bsky.social,alexsippel.bsky.social
trstnmnr.bsky.social,mcausero.bsky.social
trstnmnr.bsky.social,allanjoffroy.bsky.social
trstnmnr.bsky.social,voyagedarwinbeagle.bsky.social
trstnmnr.bsky.social,zapsy.bsky.social
trstnmnr.bsky.social,nachtergael.bsky.social
trstnmnr.bsky.social,uneheuredepeine.bsky.social
trstnmnr.bsky.social,magalireghezza.bsky.social
trstnmnr.bsky.social,lhommequirit.bsky.social
fly.io,bsky.app
qwoopz.bsky.social,herisson.dev
qwoopz.bsky.social,tangoch4rlie.bsky.social
qwoopz.bsky.social,bsky.app
mustafasuleymanai.bsky.social,rose.bsky.team
mustafasuleymanai.bsky.social,emollick.bsky.social
mustafasuleymanai.bsky.social,erikbryn.bsky.social
mustafasuleymanai.bsky.social,donasarkar.bsky.social
mustafasuleymanai.bsky.social,microsoft.com
mustafasuleymanai.bsky.social,tomwarren.co.uk
mustafasuleymanai.bsky.social,reckless.bsky.social
mustafasuleymanai.bsky.social,joannastern.bsky.social
mustafasuleymanai.bsky.social,fxshaw.com
mustafasuleymanai.bsky.social,scott.hanselman.com
mustafasuleymanai.bsky.social,alliekmiller.bsky.social
mustafasuleymanai.bsky.social,rowancheung.bsky.social
react.dev,htmx.bsky.social
vuejs.org,johnsoncodehk.bsky.social
vuejs.org,evanyou.me
vuejs.org,bsky.app
herisson.dev,hoarau.dev
herisson.dev,brinjel.com
herisson.dev,drmowinckels.io
herisson.dev,b0rk.jvns.ca
herisson.dev,olivia.science
herisson.dev,eikofried.bsky.social
herisson.dev,solomonkurz.bsky.social
herisson.dev,earlkmiller.bsky.social
herisson.dev,dsquintana.bsky.social
herisson.dev,datavisfriendly.bsky.social
herisson.dev,noamross.net
herisson.dev,eddelbuettel.com
herisson.dev,nrennie.bsky.social
herisson.dev,jpeelle.bsky.social
herisson.dev,lucystats.bsky.social
herisson.dev,apreshill.com
herisson.dev,debruine.bsky.social
herisson.dev,clauswilke.com
herisson.dev,jdlong.cerebralmastication.com
herisson.dev,grrrck.xyz
herisson.dev,rogierk.bsky.social
herisson.dev,jeremy-data.bsky.social
herisson.dev,romainfrancois.bsky.social
herisson.dev,engra.me
herisson.dev,tylermorganwall.bsky.social
herisson.dev,drgbuckingham.bsky.social
herisson.dev,topepo.bsky.social
herisson.dev,minecr.bsky.social
herisson.dev,simonpcouch.com
herisson.dev,avehtari.bsky.social
herisson.dev,frick.ws
herisson.dev,tomaszwozniak.bsky.social
herisson.dev,gaborcsardi.org
herisson.dev,betanalpha.bsky.social
herisson.dev,juliesquid.bsky.social
herisson.dev,cosima.bsky.social
herisson.dev,bttyeo.bsky.social
herisson.dev,rhens.bsky.social
herisson.dev,rivaquiroga.bsky.social
herisson.dev,niccrane.bsky.social
herisson.dev,visnut.bsky.social
herisson.dev,davisvaughan.bsky.social
herisson.dev,karthik.io
herisson.dev,choldgraf.com
herisson.dev,karaman.is
herisson.dev,jeroenooms.bsky.social
herisson.dev,alycolumbus.bsky.social
herisson.dev,milesmcbain.bsky.social
herisson.dev,brandmaier.bsky.social
herisson.dev,maellesalmon.bsky.social
herisson.dev,veerle.hypebright.nl
herisson.dev,ddsjoberg.bsky.social
herisson.dev,greg.materialmachinelearn.ing
herisson.dev,danjlurie.bsky.social
herisson.dev,pdalgd.bsky.social
herisson.dev,yihui.org
herisson.dev,hsvab.bsky.social
herisson.dev,mattcraddock.com
herisson.dev,danielskatz.bsky.social
herisson.dev,lnnrtwttkhn.bsky.social
herisson.dev,HeathrTurnr.fosstodon.org.ap.brid.gy
herisson.dev,fedi.noamross.net
herisson.dev,andyteucher.bsky.social
herisson.dev,tobiaskaufmann.bsky.social
herisson.dev,brainder.org
herisson.dev,njtierney.aus.social.ap.brid.gy
herisson.dev,radovan.bsky.social
herisson.dev,malcolmbarrett.malco.io
herisson.dev,ellakaye.co.uk
herisson.dev,strictlystat.bsky.social
herisson.dev,ethanholz.com
herisson.dev,bschneidr.bsky.social
herisson.dev,terrytangyuan.xyz
herisson.dev,pratikunterwegs.bsky.social
herisson.dev,marvinschmitt.com
herisson.dev,scholzmx.bsky.social
herisson.dev,timbeechey.bsky.social
herisson.dev,murphyqm.bsky.social
herisson.dev,njudd.com
herisson.dev,jordyvanlangen.bsky.social
herisson.dev,vlott.bsky.social
herisson.dev,hirstrj.bsky.social
herisson.dev,gnodar.bsky.social
herisson.dev,alexpghayes.com
herisson.dev,suttonkoeser.bsky.social
herisson.dev,peircej.bsky.social
herisson.dev,teparsons.bsky.social
herisson.dev,annakrystalli.bsky.social
herisson.dev,tjmahr.com
herisson.dev,paulbuerkner.com
herisson.dev,dccsillag.xyz
herisson.dev,johnsakaluk.bsky.social
herisson.dev,johnfoz.bsky.social
herisson.dev,felixanalytix.bsky.social
herisson.dev,digiresacademy.bsky.social
herisson.dev,akoutmos.bsky.social
herisson.dev,joshcprice.bsky.social
herisson.dev,rico.wtf
herisson.dev,christian.geuer-pollmann.de
herisson.dev,filipecabaco.com
herisson.dev,david.bernheisel.com
herisson.dev,hugobarauna.com
herisson.dev,muel.bsky.social
herisson.dev,chuidev.bsky.social
herisson.dev,bragil.bsky.social
herisson.dev,squiter.bsky.social
herisson.dev,kevinschweikert.de
herisson.dev,jaeyson.dev
herisson.dev,maggietate.bsky.social
herisson.dev,ash-hq.org
herisson.dev,shamanime.bsky.social
herisson.dev,toranb.bsky.social
herisson.dev,zoedsoupe.zeetech.io
herisson.dev,jorinvo.bsky.social
herisson.dev,elixir.berlin
herisson.dev,elixirdevs.com
herisson.dev,mitchellhanberg.com
herisson.dev,boe.codes
herisson.dev,gabrielpereira.dev
herisson.dev,hauleth.dev
herisson.dev,placey.bsky.social
herisson.dev,beardywheat.bsky.social
herisson.dev,andyjones.co
herisson.dev,sevensea.cat
herisson.dev,nuno.site
herisson.dev,dennispalmer.com
herisson.dev,cvkmohan.bsky.social
herisson.dev,basilenouvellet.bsky.social
herisson.dev,arconaut.bsky.social
herisson.dev,shahryar-tbiz.bsky.social
herisson.dev,ronin-red.bsky.social
herisson.dev,stefanluptak.com
herisson.dev,maximejanvier.bsky.social
herisson.dev,avdept.bsky.social
herisson.dev,kobrakai.de
herisson.dev,ashleyhindle.com
herisson.dev,pragtob.bsky.social
herisson.dev,bcardarella.bsky.social
herisson.dev,quinnwilton.com
herisson.dev,farens.me
herisson.dev,lawik.bsky.social
herisson.dev,thiagoramos.me
herisson.dev,eleni.co
herisson.dev,winchester.dev
herisson.dev,ektastrophe.bsky.social
herisson.dev,arnodirlam.bsky.social
herisson.dev,landon.wtf
herisson.dev,costaraphael.bsky.social
herisson.dev,fhunleth.bsky.social
herisson.dev,simonedavico.bsky.social
herisson.dev,reachfh.bsky.social
herisson.dev,andrei.crnkovic.hr
herisson.dev,jola.dev
herisson.dev,andrielfn.com
herisson.dev,jaimeiniesta.com
herisson.dev,erlangsolutions.bsky.social
herisson.dev,derrickreimer.com
herisson.dev,chernata.com
herisson.dev,thinkingelixir.com
herisson.dev,bratsche.org
herisson.dev,heybussey.bsky.social
herisson.dev,michalmuskala.bsky.social
herisson.dev,codebeam.bsky.social
herisson.dev,owenbickford.bsky.social
herisson.dev,teamalembic.bsky.social
herisson.dev,handle.invalid
herisson.dev,dockyard.com
herisson.dev,membrane-swmansion.bsky.social
herisson.dev,flavioescobar.bsky.social
herisson.dev,jacobluetzow.bsky.social
herisson.dev,lambdadays.bsky.social
herisson.dev,nerdberry.bsky.social
herisson.dev,elixir.amsterdam
herisson.dev,elixirclub.bsky.social
herisson.dev,elixirisweird.com
herisson.dev,elixir-lang.org
herisson.dev,elixirconfeu.bsky.social
herisson.dev,james-carr.org
herisson.dev,elixir-tools.dev
herisson.dev,eduardo.gurgel.me
herisson.dev,shawnmc.cool
herisson.dev,skyseed.fund
herisson.dev,raphaeldelio.dev
herisson.dev,theo.io
herisson.dev,petros.software
herisson.dev,nytopinion.nytimes.com
herisson.dev,tangoch4rlie.bsky.social
herisson.dev,bacon.bsky.social
herisson.dev,haydenbeamit.bsky.social
herisson.dev,polvalente.social
herisson.dev,t3.gg
herisson.dev,piss.beauty
herisson.dev,scylladb.com
herisson.dev,fly.io
herisson.dev,elixirjobs.net
herisson.dev,pragprog.com
herisson.dev,yburyug.bsky.social
herisson.dev,lpil.uk
herisson.dev,plas.tc
herisson.dev,henrihelvetica.bsky.social
herisson.dev,kubernetes.io
herisson.dev,gergely.pragmaticengineer.com
herisson.dev,steren.fr
herisson.dev,skywatch.bsky.social
herisson.dev,mary.my.id
herisson.dev,andrewtimberlake.com
herisson.dev,llcoolchris.dev
herisson.dev,dorgan.ar
herisson.dev,theosaurus-rex.bsky.social
herisson.dev,bsky.app
herisson.dev,jay.bsky.team
herisson.dev,pfrazee.com
herisson.dev,why.bsky.team
herisson.dev,emilyliu.me
herisson.dev,rose.bsky.team
herisson.dev,dholms.xyz
herisson.dev,danabra.mov
herisson.dev,divy.zone
herisson.dev,bnewbold.net
herisson.dev,matthieu.bsky.team
herisson.dev,jaz.bsky.social
herisson.dev,esb.lol
herisson.dev,hailey.at
herisson.dev,samuel.bsky.team
herisson.dev,foysal.it
herisson.dev,aaron.bsky.team
herisson.dev,joeljuca.com
herisson.dev,sasajuric.bsky.social
herisson.dev,samrat.me
herisson.dev,solnic.dev
herisson.dev,zachdaniel.dev
herisson.dev,tylerayoung.com
herisson.dev,adolfont.github.io
herisson.dev,peregrine.bsky.social
herisson.dev,josevalim.bsky.social
herisson.dev,germsvel.bsky.social
herisson.dev,thatarrowsmith.bsky.social
herisson.dev,lessthanseventy.bsky.social
herisson.dev,itzmidinesh.bsky.social
herisson.dev,sriramskota.bsky.social
herisson.dev,enriqueleigh.bsky.social
herisson.dev,newtondividedbysqm.bsky.social
herisson.dev,brunoanken.bsky.social
herisson.dev,tessi.bsky.social
herisson.dev,pitloffredi.bsky.social
herisson.dev,ulissesalmeida.bsky.social
herisson.dev,elainenaomi.bsky.social
herisson.dev,redrapids.bsky.social
herisson.dev,lucasvegi.bsky.social
herisson.dev,quatermain.bsky.social
herisson.dev,bachmann.wtf
herisson.dev,geolessel.bsky.social
herisson.dev,arathunku.com
herisson.dev,seancribbs.bsky.social
herisson.dev,fabridamazio.com
herisson.dev,dhoelzgen.dev
herisson.dev,davelucia.com
herisson.dev,tuxified.bsky.social
herisson.dev,itsatrapp.com
herisson.dev,homelessjedakan.bsky.social
herisson.dev,vellandi.net
herisson.dev,petar.dev
herisson.dev,tonydang.com
herisson.dev,odarriba.dev
herisson.dev,cigrainger.bsky.social
herisson.dev,pablocostass.bsky.social
herisson.dev,miguelcoba.com
herisson.dev,mxgrn.com
herisson.dev,src.rip
herisson.dev,faraazahmad.bsky.social
herisson.dev,alanb.dev
herisson.dev,laura.viglioni.com
herisson.dev,iamkonstantin.eu
herisson.dev,andyleclair.dev
herisson.dev,jonathan.tron.name
herisson.dev,carterbryden.com
herisson.dev,herminiotorres.github.io
herisson.dev,crbelaus.com
herisson.dev,nezteb.net
herisson.dev,whatyouhi.de
herisson.dev,brainlid.bsky.social
herisson.dev,foundationsofthedigitalstate.com
herisson.dev,pragdevnotes.com
herisson.dev,kelseyhightower.com
herisson.dev,jehrhardt.bsky.social
herisson.dev,peterullrich.com
science4all.org,interstices-info.bsky.social
science4all.org,flatten0707.bsky.social
science4all.org,yutingjiang.com
science4all.org,willvs.bsky.social
science4all.org,framasoft.org
science4all.org,katiaroux.bsky.social
science4all.org,skate-the-apple.bsky.social
science4all.org,lacsapm.bsky.social
science4all.org,jeannephamtran.bsky.social
science4all.org,thomas-ja.bsky.social
science4all.org,nicobao.dev
science4all.org,xavierbrandao.bsky.social
science4all.org,alexisfavre.bsky.social
science4all.org,paulinepaccard.bsky.social
science4all.org,p4bl0.net
science4all.org,insermgrandouest.bsky.social
science4all.org,eljj.bsky.social
science4all.org,charlottemauger.bsky.social
science4all.org,daveudaimon.bsky.social
science4all.org,eurekafetls.bsky.social
science4all.org,mmdejantee.bsky.social
science4all.org,lustintitouan.bsky.social
science4all.org,tournesol.app
science4all.org,aidjango.bsky.social
science4all.org,mjaggi.bsky.social
science4all.org,dexsilicium.bsky.social
science4all.org,jay.bsky.team
science4all.org,cnes.bsky.social
science4all.org,cnrs.bsky.social
science4all.org,alexandradelbot.bsky.social
science4all.org,docteur-drey.bsky.social
science4all.org,ireneer.bsky.social
science4all.org,mickaellaunay.bsky.social
science4all.org,ap.brid.gy
science4all.org,marcrr.bsky.social
science4all.org,hubertguillaud.bsky.social
science4all.org,whydoc.bsky.social
science4all.org,fouloscopie.bsky.social
science4all.org,peoplevsbigtech.bsky.social
science4all.org,samuellaurent.bsky.social
science4all.org,pyviv.bsky.social
science4all.org,nanoporous.net
science4all.org,cecileduflot.bsky.social
science4all.org,audreygarric.bsky.social
science4all.org,munecatmusic.bsky.social
science4all.org,counterhate.com
science4all.org,slpng-giants-fr.bsky.social
science4all.org,enkiduforever.bsky.social
science4all.org,cafe-sciences.org
science4all.org,adrien-fabre.bsky.social
science4all.org,geometriquement.bsky.social
science4all.org,aeffondrement.bsky.social
science4all.org,seanmcarroll.bsky.social
science4all.org,standupmaths.bsky.social
science4all.org,alexdainis.bsky.social
science4all.org,edyong209.bsky.social
science4all.org,johndcook.bsky.social
science4all.org,evelynjlamb.bsky.social
science4all.org,jfpuget.bsky.social
science4all.org,nicoco-nicola.bsky.social
science4all.org,podcastscience.fm
science4all.org,amoatti.bsky.social
science4all.org,stevenstrogatz.com
science4all.org,3blue1brown.bsky.social
science4all.org,emmahollen.bsky.social
science4all.org,eloscicomm.bsky.social
science4all.org,greg29.bsky.social
science4all.org,pellichi.bsky.social
science4all.org,quantamagazine.bsky.social
science4all.org,annieduke.com
science4all.org,roseveleth.com
science4all.org,paulbloomatyale.bsky.social
science4all.org,andrew-yang.bsky.social
science4all.org,remimathis.bsky.social
science4all.org,tomscott.com
science4all.org,guillaume.champeau.info
science4all.org,vsauce.bsky.social
science4all.org,smartereveryday.bsky.social
science4all.org,allgaier.bsky.social
science4all.org,tsaquet.bsky.social
science4all.org,aureliecoulon.bsky.social
science4all.org,davidmanheim.alter.org.il
science4all.org,tfiolet.bsky.social
science4all.org,ourworldindata.org
science4all.org,yoyoel.com
science4all.org,franckramus.bsky.social
science4all.org,cpicciolini.bsky.social
science4all.org,noupside.bsky.social
science4all.org,marcfaddoul.com
science4all.org,dhadfieldmenell.bsky.social
science4all.org,simonite.bsky.social
science4all.org,jean-no.bsky.social
science4all.org,clequesne.bsky.social
science4all.org,romain-pour1nfo.bsky.social
science4all.org,medcrisis.bsky.social
science4all.org,tugrul.bsky.social
science4all.org,xkcd.com
science4all.org,gbarbey.bsky.social
science4all.org,stellaathena.bsky.social
science4all.org,turcanmarie.bsky.social
science4all.org,marietjeschaake.bsky.social
science4all.org,martincoulter.bsky.social
science4all.org,datisdaz.bsky.social
science4all.org,ipcc.bsky.social
science4all.org,moonalice.com
science4all.org,billyperrigo.bsky.social
science4all.org,ruchowdh.bsky.social
science4all.org,nathanlawkc.bsky.social
science4all.org,hrw.org
science4all.org,chavalarias.bsky.social
science4all.org,smetille.ch
science4all.org,gligoric.bsky.social
science4all.org,manoelhortaribeiro.bsky.social
science4all.org,antoninbroi.bsky.social
science4all.org,francoissaltiel.bsky.social
science4all.org,tariqkrim.bsky.social
science4all.org,epelboin.reflets.info
science4all.org,reflets.info
science4all.org,opendemocracy.net
science4all.org,climatetown.bsky.social
science4all.org,carissaveliz.bsky.social
science4all.org,gazlacrymo.fr
science4all.org,nicoleperlroth.bsky.social
science4all.org,aminesaboni.bsky.social
science4all.org,khill.bsky.social
science4all.org,decrypteenergie.bsky.social
science4all.org,colinmegill.com
science4all.org,nitasha.bsky.social
science4all.org,techwontsave.us
science4all.org,thejuicemedia.bsky.social
science4all.org,gaelvaroquaux.bsky.social
science4all.org,nicomartinfc.bsky.social
science4all.org,ec.europa.eu
science4all.org,carbonbrief.org
science4all.org,lemonde.fr
science4all.org,politico.eu
science4all.org,stephanedebove.bsky.social
science4all.org,rchtktn.bsky.social
science4all.org,ericaklarreich.bsky.social
science4all.org,gautamkamath.com
science4all.org,milesbrundage.bsky.social
science4all.org,alexhanna.bsky.social
science4all.org,emilymbender.bsky.social
science4all.org,abeba.bsky.social
science4all.org,caseynewton.bsky.social
science4all.org,meredithmeredith.bsky.social
science4all.org,mmitchell.bsky.social
science4all.org,runasand.bsky.social
science4all.org,audreyt.org
science4all.org,arstechnica.com
science4all.org,defcon.bsky.social
science4all.org,techcrunch.com
science4all.org,signal.org
science4all.org,amatissart.bsky.social
science4all.org,agros.bsky.social
science4all.org,florent.poinsaut.fr
science4all.org,leniddepie.bsky.social
science4all.org,sebastiencarassou.bsky.social
science4all.org,superama.bsky.social
science4all.org,natachatriou.bsky.social
science4all.org,martingibert.com
science4all.org,cecilemichaut.bsky.social
science4all.org,echangesclimat.bsky.social
science4all.org,apreslabiere.bsky.social
science4all.org,jessicalyons.bsky.social
science4all.org,propublica.org
science4all.org,eff.org
science4all.org,theregister.com
science4all.org,plantecarnivore.bsky.social
science4all.org,lepourpre.bsky.social
science4all.org,saturax.bsky.social
science4all.org,aoc.bsky.social
science4all.org,nicolashenin.net
science4all.org,leabello.bsky.social
science4all.org,pogscience.bsky.social
science4all.org,robinisnard.bsky.social
science4all.org,malauss.bsky.social
science4all.org,michaelzemmour.cpesr.fr
science4all.org,flefgraph.bsky.social
science4all.org,cassouman40.bsky.social
science4all.org,sergezaka.bsky.social
science4all.org,laydgeur.bsky.social
science4all.org,heu7reka.bsky.social
science4all.org,brusicor02.bsky.social
science4all.org,curiolog.bsky.social
science4all.org,dassaju.bsky.social
science4all.org,arnaud.stup.media
science4all.org,stup.media
science4all.org,defakator.bsky.social
science4all.org,magalireghezza.bsky.social
science4all.org,uneheuredepeine.bsky.social
science4all.org,gaelfortin.bsky.social
science4all.org,sciencecqfd.bsky.social
science4all.org,vousavezledroit.bsky.social
science4all.org,trentedeniers.bsky.social
science4all.org,comvousdites.bsky.social
science4all.org,lesrec.bsky.social
science4all.org,melvaksea.bsky.social
science4all.org,laboiteacuriosites.bsky.social
science4all.org,tranxen.bsky.social
science4all.org,picharbonnier.bsky.social
science4all.org,hackingsocial.bsky.social
science4all.org,astropierre.com
science4all.org,pintofsciencefr.bsky.social
science4all.org,spasdelou.bsky.social
science4all.org,scilabus.bsky.social
science4all.org,qtg.fr
science4all.org,loicgiaccone.bsky.social
science4all.org,asclepios.bsky.social
science4all.org,alice.paysdesetoiles.fr
science4all.org,nabilwakim.bsky.social
science4all.org,o.simardcasanova.net
science4all.org,bonpote.com
science4all.org,scienceetonnante.com
science4all.org,acermendax.bsky.social
science4all.org,ssaft.com
science4all.org,pierredzrd.bsky.social
science4all.org,prof-d-sciences.bsky.social
science4all.org,julien-bobroff.bsky.social
science4all.org,notabenemovies.bsky.social
science4all.org,valmasdel.bsky.social
science4all.org,samlepine.bsky.social
science4all.org,cedricstolz.bsky.social
science4all.org,osonscauser.bsky.social
science4all.org,tombrychevalier.bsky.social
science4all.org,laelith.fr
science4all.org,monsieurbidouille.fr
science4all.org,ferrydanini.bsky.social
science4all.org,tanialouis.fr
science4all.org,monsieurphi.bsky.social
science4all.org,lereveilleur.bsky.social
science4all.org,maxroser.bsky.social
science4all.org,hannahritchie.bsky.social
science4all.org,valentin.stup.media
science4all.org,linguisticae.com
science4all.org,mediapart.fr
science4all.org,jeanmassiet.bsky.social
science4all.org,arretsurimages.net
science4all.org,quemarino.bsky.social
science4all.org,splinelnd.bsky.social
science4all.org,climateadam.bsky.social
science4all.org,florencedellerie.bsky.social
science4all.org,languesdecha.bsky.social
science4all.org,sciencecomptoir.bsky.social
science4all.org,politikon.bsky.social
science4all.org,tmf.bsky.social
science4all.org,davesheik.com
science4all.org,hankgreen.bsky.social
science4all.org,philoxime.bsky.social
science4all.org,bsky.app